INSERT INTO tbl_categories(id, name, componentclass, f_parentcategory) VALUES('3beedca8-84be-4deb-97b4-d578f75ddee1', 'Economic unit groups', 'org.openlca.core.model.UnitGroup', 'org.openlca.core.model.UnitGroup'),('6cd7ba3c-4a99-4504-b7a7-2064602d33c5', 'Economic flow properties', 'org.openlca.core.model.FlowProperty', 'org.openlca.core.model.FlowProperty'),('86863950-d175-4400-8cc2-c40511322f94', 'Technical flow properties', 'org.openlca.core.model.FlowProperty', 'org.openlca.core.model.FlowProperty'),('e38f841d-bc83-49a3-ab86-2783de8cebfb', 'Technical unit groups', 'org.openlca.core.model.UnitGroup', 'org.openlca.core.model.UnitGroup'),('org.openlca.core.model.Actor', 'Actors', 'org.openlca.core.model.Actor', 'root'),('org.openlca.core.model.Flow', 'Flows', 'org.openlca.core.model.Flow', 'root'),('org.openlca.core.model.FlowProperty', 'Flow properties', 'org.openlca.core.model.FlowProperty', 'root'),('org.openlca.core.model.LCIAMethod', 'LCIA methods', 'org.openlca.core.model.LCIAMethod', 'root'),('org.openlca.core.model.Process', 'Processes', 'org.openlca.core.model.Process', 'root'),('org.openlca.core.model.ProductSystem', 'Product systems', 'org.openlca.core.model.ProductSystem', 'root'),('org.openlca.core.model.Project', 'Projects', 'org.openlca.core.model.Project', 'root'),('org.openlca.core.model.results.LCIAResult', 'LCIA results', 'org.openlca.core.model.results.LCIAResult', 'root'),('org.openlca.core.model.Source', 'Sources', 'org.openlca.core.model.Source', 'root'),('org.openlca.core.model.UnitGroup', 'Unit groups', 'org.openlca.core.model.UnitGroup', 'root'),('root', 'root', NULL, NULL);
INSERT INTO tbl_units(id, name, description, conversionfactor, synonyms, f_unitgroup) VALUES('007f0ce1-4a0b-4bb2-8f7c-1b2a0e6ef6b2', 'LVL', 'Latvian lats', '1.78', NULL, 'da299c4d-1741-4da8-9fbd-5ccfb5e1d688'),('00d8370e-2bf1-4f3b-81bb-f8f147e84819', 'm2*d', 'Square metre times day', '0.002739726', NULL, '93a60a57-a3c8-20da-a746-0800200c9a66'),('010f811e-3cc2-4b14-a901-337da9b3e49c', 'kcal', 'Kilocalorie (International table)', '0.0041867', NULL, '93a60a57-a3c8-11da-a746-0800200c9a66'),('01e58eb9-0aba-4c76-ba0c-03f6f3be1353', 'GJ', 'Gigajoule', '1000.0', NULL, '93a60a57-a3c8-11da-a746-0800200c9a66'),('0300ec69-ce1a-45f0-bcf0-7b33845dc53e', 'lb av', 'British pound (avoirdupois)', '0.45', NULL, '93a60a57-a4c8-11da-a746-0800200c9a66'),('030e99e1-2237-483c-8447-8b3a256d8b0d', 'in', 'Inch', '0.02', NULL, '838aaa22-0117-11db-92e3-0800200c9a66'),('07973a41-56b3-4e1b-a208-fd75a09fbd4b', 'cu ft', 'Cubic feet', '0.02', NULL, '93a60a57-a3c8-12da-a746-0800200c9a66'),('0866bd06-77b3-41a2-8157-6d96ffb5666b', 'EEK', 'Estonian kroon', '0.06', NULL, 'da299c4d-1741-4da8-9fbd-5ccfb5e1d688'),('0c62f887-da22-4b0a-999b-145c4b2ffe1e', 'l*nmi', 'Litre times nautical mile', '0.001852', NULL, 'ff8ed45d-bbfb-4531-8c7b-9b95e52bd41d'),('0dc79b8e-47a1-4ec7-96b1-c9b9da2769fa', 'mm*m2', 'Millimetre times square metre', '1.0', NULL, '36932b14-ba61-417b-a80c-eb9935d193f1'),('0dea4ed8-bb6b-4049-b2b4-b2c413ef2180', 't*km', 'Metric ton-kilometer', '1.0', 'tkm', '838aaa21-0117-11db-92e3-0800200c9a66'),('11074cfd-08a4-449b-adad-18ce24a1b275', 'd', 'Day', '1.0', NULL, 'af638906-3ec7-4314-8de7-f76039f2dd01'),('112e9d4a-262d-4dcb-8003-c19204faedfb', 'l*mi', 'Litre times international mile', '0.001609344', NULL, 'ff8ed45d-bbfb-4531-8c7b-9b95e52bd41d'),('14ed0060-9198-48c1-b458-7fa4075c9811', 'AUD', 'Australian dollar', '0.63', NULL, 'da299c4d-1741-4da8-9fbd-5ccfb5e1d688'),('18b04307-98b7-4d9e-82ee-f11d1b9f0d28', 'CAD', 'Canadian dollar', '0.73', NULL, 'da299c4d-1741-4da8-9fbd-5ccfb5e1d688'),('19a89180-e40c-4f6b-bcd3-d7347566d1e7', 'v*km', 'Vehicle-kilometer', '1.0', 'vkm', 'af16ae7e-3e04-408a-b8ae-5b3666dbe7f9'),('1c3a9695-398d-4b1f-b07e-a8715b610f70', 'm3', 'Cubic meter', '1.0', 'm³', '93a60a57-a3c8-12da-a746-0800200c9a66'),('1c4169d1-4fee-40e3-9868-953ee15e26ae', 'bl (US dry)', 'Barrel (US dry)', '0.11', NULL, '93a60a57-a3c8-12da-a746-0800200c9a66'),('1c43f336-c84b-4f42-bbf7-b1b6f89e121a', 'mi2*a', 'British square mile times year', '2589988.1', 'mi²*a;mi2a;mi²a', '93a60a57-a3c8-20da-a746-0800200c9a66'),('1f112940-6c27-4c75-828a-46d548d71cff', 'nmi', 'Nautical mile', '1852.0', NULL, '838aaa22-0117-11db-92e3-0800200c9a66'),('20aadc24-a391-41cf-b340-3e4529f44bde', 'kg', 'Kilogram', '1.0', NULL, '93a60a57-a4c8-11da-a746-0800200c9a66'),('20ce5f57-69b1-438b-a8e8-23089854d058', 'mi2', 'British square mile', '2589988.11', 'mi²', '93a60a57-a3c8-18da-a746-0800200c9a66'),('227a54d9-44e7-468c-b8bb-f2dd1ae68c7a', 'h', 'Hour', '0.04', NULL, 'af638906-3ec7-4314-8de7-f76039f2dd01'),('23cc7a32-f08a-43df-a87c-66953eeeb3f5', 't*a', 'Metric tonnes times year', '1000.0', NULL, '59f191d6-5dd3-4553-af88-1a32accfe308'),('2457aee5-c7ee-4416-a65a-5be4ff2b2976', 'oz t', 'Ounce (troy)', '0.03', NULL, '93a60a57-a4c8-11da-a746-0800200c9a66'),('28bb8ff6-79d1-4f97-b7c4-7fa3dd05bec8', 'ISK', 'Iceland krona', '0.01', NULL, 'da299c4d-1741-4da8-9fbd-5ccfb5e1d688'),('2abb86b6-e71b-4de5-a766-a20e80e59b6d', 'Items*km', 'Items times kilometre', '1.0', NULL, '5454b231-270e-45e6-89b2-7f4f3e482245'),('2d64c7e0-1167-42ec-9988-c441c261a35c', 'US fl oz', 'US customary fluid ounce', '2.95735295625e-05', NULL, '93a60a57-a3c8-12da-a746-0800200c9a66'),('2df86f1f-293e-4e07-9cde-34eebc6d2c5f', 'pt (US fl)', 'Pint (US fluid)', '0.000473176473', NULL, '93a60a57-a3c8-12da-a746-0800200c9a66'),('2e16ca4a-9f65-472f-b4cb-274050aaf328', '(cmol*m2*a)/kg', 'Centimole times square metre times year per kilogram', '1.0', NULL, 'a6941776-ee4b-40fe-9a05-e19faac45240'),('2f1b55fb-a432-447a-a0f5-9b02bf649724', 'cm*m3', 'Centimeter times cubic meter', '1.0', NULL, '59f6a0a2-731f-41c3-86df-d383dc673dfe'),('2f3cc326-da25-4086-b06d-3a7ef914aef6', 'DKK', 'Danish krone', '0.13', NULL, 'da299c4d-1741-4da8-9fbd-5ccfb5e1d688'),('2fdc0039-6c5e-489a-af77-b225684fa337', 'g*a', 'Gram times year', '0.001', NULL, '59f191d6-5dd3-4553-af88-1a32accfe308'),('3bd6c6c3-bb61-46f3-b19a-c87ac5502bb7', 'Dozen(s)', 'Dozen(s) of items', '12.0', NULL, '5beb6eed-33a9-47b8-9ede-1dfe8f679159'),('3cc51ae9-b993-4a3d-964e-0aed8d7f3966', 't*mi', 'Metric ton times international mile', '1.6', NULL, '838aaa21-0117-11db-92e3-0800200c9a66'),('3ce61faa-5716-41c1-aef6-b5920054acc9', 'm2', 'Square meter', '1.0', 'm²', '93a60a57-a3c8-18da-a746-0800200c9a66'),('3d314eab-ef11-4ff3-a35e-9bc5cd858694', 'm', 'Meter', '1.0', NULL, '838aaa22-0117-11db-92e3-0800200c9a66'),('3f838c0d-bf6c-49f1-a465-d256ab0d13eb', 'USD', 'US dollar', '1.1', NULL, 'da299c4d-1741-4da8-9fbd-5ccfb5e1d688'),('425aff51-b7e5-4561-aa5a-562ec103a79e', 'TOE', 'Ton oil equivalent', '41868.0', NULL, '93a60a57-a3c8-11da-a746-0800200c9a66'),('431df202-da83-4baa-b576-5d17f59f0c8a', 'gal (US fl)', 'Gallon (US fluid); used in US e.g. for fuel', '0.003785411784', NULL, '93a60a57-a3c8-12da-a746-0800200c9a66'),('4669b8ce-894d-405a-95d1-3211accaa739', 'Nm3', 'Normal cubic meters', '1.0', 'Nm³', '93a60a57-a3c8-12da-a746-0800200c9a66'),('4689d28c-29f6-4f0a-ad03-0276f7070edd', 'nmi2', 'Square nautical mile', '3429904.0', NULL, '93a60a57-a3c8-18da-a746-0800200c9a66'),('469d61f1-3bc4-4841-8adf-873825c1bc11', 'J', 'Joule', '1e-06', NULL, '93a60a57-a3c8-11da-a746-0800200c9a66'),('4866ec7b-6218-4783-87b4-cbd107280a85', 'ha*a', 'Hectare times year', '10000.0', NULL, '93a60a57-a3c8-20da-a746-0800200c9a66'),('4a51d52b-f94f-4168-a38c-c612f14b8a2d', 'mi', 'International mile', '1609.34', NULL, '838aaa22-0117-11db-92e3-0800200c9a66'),('5042a5e9-b8fd-40ca-b13e-cb9f1ce0357a', 'm3*km', 'Cubic metre times kilometre', '1.0', NULL, 'ff8ed45d-bbfb-4531-8c7b-9b95e52bd41d'),('5209be3d-094e-4203-a074-06d7b75e9a38', 't*d', 'Metric ton times day (1 year = 365 days)', '2.73', NULL, '59f191d6-5dd3-4553-af88-1a32accfe308'),('52765a6c-3896-43c2-b2f4-c679acf13efe', 'MJ', 'Megajoule', '1.0', NULL, '93a60a57-a3c8-11da-a746-0800200c9a66'),('5458351a-f6f7-4e0b-a449-823c9b6374db', 'lb*mi', 'British pound (avoirdupois) times international mile', '0.000729986', NULL, '838aaa21-0117-11db-92e3-0800200c9a66'),('55244053-94ba-404e-9172-cb279d905e00', 'btu', 'British thermal unit (International table)', '0.001055056', NULL, '93a60a57-a3c8-11da-a746-0800200c9a66'),('57c492e7-d94b-4fcc-98df-cdc4163b754c', 'TJ', 'Terajoule', '1000000.0', NULL, '93a60a57-a3c8-11da-a746-0800200c9a66'),('588613d5-6c8c-4ab6-8c69-ec5e20ef7881', 'cm2', 'Square centimetre', '0.0001', NULL, '93a60a57-a3c8-18da-a746-0800200c9a66'),('594fb96f-0d06-4053-9263-826fcd4d0046', 'SEK', 'Swedish krona', '0.12', NULL, 'da299c4d-1741-4da8-9fbd-5ccfb5e1d688'),('5ec65531-6bb4-4990-a687-44e9ab8f3529', 'bsh (US)', 'US bushel', '0.03', NULL, '93a60a57-a3c8-12da-a746-0800200c9a66'),('62eb6f51-0574-4489-ae1a-1bd806f6c2ac', 'gal (US liq)', 'Gallon (US liquid)', '0.003785412', NULL, '93a60a57-a3c8-12da-a746-0800200c9a66'),('63214902-17d4-41a0-be10-d1cad375c32e', 'ng', 'Nanogram', '1e-12', NULL, '93a60a57-a4c8-11da-a746-0800200c9a66'),('68c83ad3-bc5b-414a-81f7-5b47af2c8a23', 'pg', 'Picogram; 10^-12 g', '1e-15', NULL, '93a60a57-a4c8-11da-a746-0800200c9a66'),('691ae73c-3fc1-4157-85d0-2659bdc2380a', '(cmol*m2)/kg', 'Centimole times square metre per kilogram', '1.0', NULL, '3dbb60e1-edde-49f7-b28d-f34b4af727b3'),('6c277db7-2784-4296-83bf-15c04a9d59b2', 'JPY', 'Japanese yen', '0.01', NULL, 'da299c4d-1741-4da8-9fbd-5ccfb5e1d688'),('6c4b1e4a-bf45-4385-a60c-12cc48ecbab5', 'yd2', 'Square yard (imperial/US)', '0.83', NULL, '93a60a57-a3c8-18da-a746-0800200c9a66'),('6dabe201-aaac-4509-92f0-d00c26cb72ab', 'Item(s)', 'Number of items', '1.0', 'unit;LU;pig place', '5beb6eed-33a9-47b8-9ede-1dfe8f679159'),('71326000-165d-41fb-aea9-1bfbd9d7fc6c', 'ZAR', 'South African rand', '0.15', NULL, 'da299c4d-1741-4da8-9fbd-5ccfb5e1d688'),('715ca68e-0ac5-4c4b-b557-fdc36623be88', 'km', 'Kilometer', '1000.0', NULL, '838aaa22-0117-11db-92e3-0800200c9a66'),('787f2ac9-7bcd-4a91-9fab-55bfe414138f', 'TCE', 'Ton coal equivalent', '29307.6', NULL, '93a60a57-a3c8-11da-a746-0800200c9a66'),('7dd57df4-c092-41aa-966e-c93a27797ea1', 't*nmi', 'Metric ton times nautical mile', '1.85', NULL, '838aaa21-0117-11db-92e3-0800200c9a66'),('806c64aa-8609-4ff6-a033-6714a3348f24', 'fl oz (Imp)', 'Fluid ounce (Imperial)', '2.84130625e-05', NULL, '93a60a57-a3c8-12da-a746-0800200c9a66'),('81696a66-6919-4bbb-a3ab-c79b2900de7d', 'ml', 'Milliliter', '1e-06', NULL, '93a60a57-a3c8-12da-a746-0800200c9a66'),('83192ffa-5990-490b-a23a-b45ca072db6f', 't', 'Ton', '1000.0', 'Mg', '93a60a57-a4c8-11da-a746-0800200c9a66'),('845178d8-3f2c-497f-9ca6-3c5657c2823c', 's', 'Second', '1.1574074e-05', NULL, 'af638906-3ec7-4314-8de7-f76039f2dd01'),('8632c804-eed7-4a57-91e6-1798289c49e3', 'CHF', 'Swiss franc', '0.64', NULL, 'da299c4d-1741-4da8-9fbd-5ccfb5e1d688'),('86ad2244-1f0e-4912-af53-7865283103e4', 'kWh', 'Kilowatt times hour', '3.6', NULL, '93a60a57-a3c8-11da-a746-0800200c9a66'),('89121cea-0d98-4466-9b0f-e33e448db7ec', 'bl (US fl)', 'Barrel (US non-beer fluid)', '0.11', NULL, '93a60a57-a3c8-12da-a746-0800200c9a66'),('8aa31dda-e324-469c-a29d-56476584f5ca', 'gal (Imp)', 'Gallon (Imperial); used in UK, United Arab Emirates for fuels', '0.00454609', NULL, '93a60a57-a3c8-12da-a746-0800200c9a66'),('8c1fafa2-2b2e-4fef-9581-5de34ae87350', 'l*a', 'Liter times year', '0.001', NULL, '93a60a57-a3c8-23da-a746-0800200c9a66'),('8ee3bcbf-9e65-4f59-9b0b-40b504cbe345', 'ac', 'Acre (US survey)', '4046.85', 'acre (US)', '93a60a57-a3c8-18da-a746-0800200c9a66'),('9003179a-bf17-4e89-8fd7-a0c1c91ac189', 'u', 'Micron', '1e-06', NULL, '838aaa22-0117-11db-92e3-0800200c9a66'),('90888d8d-3d57-497f-a3fa-12aefd2bc774', 'bsh (Imp)', 'Imperial bushel', '0.03', NULL, '93a60a57-a3c8-12da-a746-0800200c9a66'),('91995a9e-3cb4-4fc9-a93b-8c618ff9b948', 'bbl', 'Barrel (petroleum)', '0.15', NULL, '93a60a57-a3c8-12da-a746-0800200c9a66'),('92e3bd49-8ed5-4885-9db6-fc88c7afcfcb', 'MWh', 'Megawatt times hour', '3600.0', NULL, '93a60a57-a3c8-11da-a746-0800200c9a66'),('94b84332-8f2d-4592-b2a0-e19da33a69e9', 'kg/a', 'Kilogram per year', '1.0', NULL, 'c28831de-8759-43da-98bd-05617cb1722d'),('94dcd768-ea3e-47da-ba1b-11fea4b5f4cc', 'MJ/kg*d', 'Megajoule per kilogram times day', '1.0', NULL, '258d6abd-14f2-4484-956c-c88e8f6fd8ed'),('95dd50e9-c184-4412-9afc-9764b1ffcf8f', 'kg SWU', 'Kilogram SWU', '1.0', NULL, '93a60a57-a4c8-11da-a746-0800200c9a66'),('95e8feec-abc7-4eb0-bf39-2a6d411cba8d', '(mm*m2)/a', 'Millimetre times square metre per year', '1.0', NULL, '9e5a91be-b3d1-4268-8e7d-e5e93f6a75d4'),('97ee3997-137d-4d96-80bf-c4f106c743c4', 'NOK', 'Norwegian krone', '0.12', NULL, 'da299c4d-1741-4da8-9fbd-5ccfb5e1d688'),('9942703a-5962-4823-8ea3-7af06af9a21e', 'l*d', 'Liter times day', '2.739726e-06', NULL, '93a60a57-a3c8-23da-a746-0800200c9a66'),('9a87f840-752d-4863-b911-533f92ee5073', 'a', 'Year (rounded)', '365.0', NULL, 'af638906-3ec7-4314-8de7-f76039f2dd01'),('9bc2cfb2-fb43-42e6-9783-6c7479c78cce', 'bl (Imp)', 'Barrel (Imperial)', '0.16', NULL, '93a60a57-a3c8-12da-a746-0800200c9a66'),('9bf0166c-fa76-47d0-95af-054ea9125f2c', 'Items*nmi', 'Items times nautical mile', '1.85', NULL, '5454b231-270e-45e6-89b2-7f4f3e482245'),('9fa94e47-03bd-4ad1-8726-e10cfb6dbb7a', 'min', 'Minute', '0.000694444444', NULL, 'af638906-3ec7-4314-8de7-f76039f2dd01'),('a0805221-ed1e-4177-9e2a-4b72ce2beb06', 'l*km', 'Litre times kilometre', '0.001', NULL, 'ff8ed45d-bbfb-4531-8c7b-9b95e52bd41d'),('a16960ba-31e2-4fe9-82fe-219013f4708f', 'yd', 'Yard (international)', '0.91', NULL, '838aaa22-0117-11db-92e3-0800200c9a66'),('a19bcd84-e836-4764-8367-419dac3d2434', 'pt (US dry)', 'Pint (US dry)', '0.0005506104713575', NULL, '93a60a57-a3c8-12da-a746-0800200c9a66'),('a40229e6-7275-42e3-a304-23d590044770', 'kg*km', 'Kilogram-kilometer', '0.001', 'kgkm', '838aaa21-0117-11db-92e3-0800200c9a66'),('a45722ee-fc30-4bb1-aa95-5c8fb56c6bfb', 'Rutherford', 'Rutherford', '1000.0', NULL, '93a60a57-a3c8-16da-a746-0800200c9a66'),('a55b7fe7-fa09-47ef-be62-e07b8e6f4351', 'EUR', 'Euro', '1.0', NULL, 'da299c4d-1741-4da8-9fbd-5ccfb5e1d688'),('a681e9e5-6304-45f0-a5f4-df413eee0724', 'bl (US beer)', 'Barrel (US beer)', '0.11', NULL, '93a60a57-a3c8-12da-a746-0800200c9a66'),('aa14a795-2239-496a-81b0-ad7cb8bbe0d2', 'cm*m2/d', 'Centimetre times square metre per day', '1.0', NULL, 'f2275057-f8be-4db9-bb78-5dfc276967a0'),('ab01fe47-d2c0-4308-adb1-e32df38d5a50', 'kg*d', 'Kilogram times day (1 year = 365 days)', '0.002739726', NULL, '59f191d6-5dd3-4553-af88-1a32accfe308'),('ac324d87-9961-463a-81a1-099bb0f7d89b', 'Bq', 'Bequerel, 1 event per second', '0.001', NULL, '93a60a57-a3c8-16da-a746-0800200c9a66'),('ae5cced9-f9f1-4719-bd37-837b36013d96', 'kt', 'Carat (metric)', '0.0002', NULL, '93a60a57-a4c8-11da-a746-0800200c9a66'),('ae63f1fd-3679-443a-ad06-8d03e867351e', 'GBP', 'Pound sterling', '1.65', NULL, 'da299c4d-1741-4da8-9fbd-5ccfb5e1d688'),('aff60d84-007c-4f30-bfda-3853760f6954', 'kWh/m2*d', 'Kilowatthour per square meter times day', '1.0', 'kWh/m2*d;kWh/m2d;kWh/m²d', '876adcd3-29e6-44e2-acdd-11be304ae654'),('b2ad404c-3e4f-4a7a-a604-46fb36654823', 'kg*a', 'Kilogram times year', '1.0', NULL, '59f191d6-5dd3-4553-af88-1a32accfe308'),('b80a512e-e402-4363-8ad0-7d02dcf4a459', 'l', 'Liter', '0.001', NULL, '93a60a57-a3c8-12da-a746-0800200c9a66'),('b872a063-0500-42b7-9e5d-441642d84417', 'mg', 'Milligram', '1e-06', NULL, '93a60a57-a4c8-11da-a746-0800200c9a66'),('b9a011a0-c9bf-459b-b105-2623d1b61ddf', 'km2', 'Square kilometer', '1000000.0', 'km²', '93a60a57-a3c8-18da-a746-0800200c9a66'),('bdd34bd7-7d0b-4be4-9aca-b231f4067388', 'carat', 'Carat (metric)', '0.0002', NULL, '93a60a57-a4c8-11da-a746-0800200c9a66'),('c026770b-5b4f-467d-8fdb-15dfb8e52913', 'pt (Imp)', 'Pint (Imperial)', '0.00056826125', NULL, '93a60a57-a3c8-12da-a746-0800200c9a66'),('c530708d-be50-4207-b536-23d0857210bf', 'gal (US dry)', 'Gallon (US dry)', '0.00440488377086', NULL, '93a60a57-a3c8-12da-a746-0800200c9a66'),('c66d26f1-7946-4027-85f0-ac79222a59f1', 'ft2', 'British square feet', '0.09', 'ft²', '93a60a57-a3c8-18da-a746-0800200c9a66'),('c7266b67-4ea2-457f-b391-9b94e26e195a', 'm2*a', 'Square meter times year', '1.0', 'm²*a;m2a;m²a', '93a60a57-a3c8-20da-a746-0800200c9a66'),('c8166ae2-b592-4eb9-b365-e384c8b79f3c', 'km2*a', 'Square kilometer times year', '1000000.0', 'km²*a;km2a;km²a', '93a60a57-a3c8-20da-a746-0800200c9a66'),('cc44768b-c0ce-4bc9-804a-c59b67d22e39', 'mm', 'Millimetre', '0.001', NULL, '838aaa22-0117-11db-92e3-0800200c9a66'),('ce39138f-55f8-47bc-b55a-66027fc836d9', 'Items*mi', 'Items times international mile', '1.6', NULL, '5454b231-270e-45e6-89b2-7f4f3e482245'),('d01259b2-24c2-46af-a7fe-36dd025ead15', 'ug', 'Microgram', '1e-09', 'µg', '93a60a57-a4c8-11da-a746-0800200c9a66'),('d018183e-ea8c-4a41-a303-627c9b9b173d', 'cm', 'Centimeter', '0.01', NULL, '838aaa22-0117-11db-92e3-0800200c9a66'),('d022bf34-1162-4579-90ab-dcca9620ce54', 'Mg', 'Megagram = 1 metric ton', '1000.0', NULL, '93a60a57-a4c8-11da-a746-0800200c9a66'),('d24270f0-c1f2-49ec-a6bf-e86a74177070', 'lb*nmi', 'British pound (avoirdupois) times nautical mile', '0.000840053', NULL, '838aaa21-0117-11db-92e3-0800200c9a66'),('d246fd48-c363-4f0e-ab01-641325dd89eb', 'KRW', 'South Korean won', '0.00095', NULL, 'da299c4d-1741-4da8-9fbd-5ccfb5e1d688'),('d4922696-9c95-4b5d-a876-425e98276978', 'sh tn', 'Short ton', '907.18', NULL, '93a60a57-a4c8-11da-a746-0800200c9a66'),('dce13106-087c-4fea-bfaa-def214e3cecb', 'LTL', 'Lithuanian litas', '0.27', NULL, 'da299c4d-1741-4da8-9fbd-5ccfb5e1d688'),('de900fea-2536-4fe5-a92d-00ac9a28654b', 'm3*mi', 'Cubic metre times international mile', '1.6', NULL, 'ff8ed45d-bbfb-4531-8c7b-9b95e52bd41d'),('debee4d9-bc47-4e35-8624-4957ecb75386', 'ha', 'Hectare', '10000.0', NULL, '93a60a57-a3c8-18da-a746-0800200c9a66'),('df6987d7-afcc-4c92-ae2c-3ce3bc6f5578', 'ul', 'Microlitre', '1e-09', NULL, '93a60a57-a3c8-12da-a746-0800200c9a66'),('e114cd83-3e7f-4466-8028-761c0469f7c7', 'a', 'Are', '100.0', NULL, '93a60a57-a3c8-18da-a746-0800200c9a66'),('e1317ffc-7f83-4a85-bc65-4fb229a25cf8', 'g', 'Gram', '0.001', NULL, '93a60a57-a4c8-11da-a746-0800200c9a66'),('e5ccc940-eb40-41f9-847e-5ee691ba8c2f', 'long tn', 'Long ton', '1016.04', NULL, '93a60a57-a4c8-11da-a746-0800200c9a66'),('e9773595-284e-46dd-9671-5fc9ff406833', 'kBq', 'Kilo-Bequerel, 1000 events per second', '1.0', NULL, '93a60a57-a3c8-16da-a746-0800200c9a66'),('ee5f2241-18af-4444-b457-b275660e5a20', 'm3*a', 'Cubic meter times year', '1.0', 'm³*a;m3a', '93a60a57-a3c8-23da-a746-0800200c9a66'),('ef6d9358-a156-4c73-b678-320ddee7d2eb', 'Ci', 'Curie', '37000000.0', NULL, '93a60a57-a3c8-16da-a746-0800200c9a66'),('efbbab8b-eb92-4e39-bd5f-99951ffda6c3', 'ft2*a', 'British square feet times year', '0.09', 'ft²*a;ft²a;ft2a', '93a60a57-a3c8-20da-a746-0800200c9a66'),('f3a1ae74-9750-4199-acdc-2e7e0546e0a5', 'm3*d', 'Cubic meter times day', '0.002739726', 'm³*d;m3d', '93a60a57-a3c8-23da-a746-0800200c9a66'),('f4119718-2d50-47fe-9154-cab6fd2d30eb', 'kJ', 'Kilojoule', '0.001', NULL, '93a60a57-a3c8-11da-a746-0800200c9a66'),('f7905d3f-904d-4fdb-829e-54a72fb4c98e', 'ft', 'Foot (international)', '0.3', NULL, '838aaa22-0117-11db-92e3-0800200c9a66'),('f7fe0af2-e764-4984-bb9f-2cbff6cd2f18', 'm*a', 'Meter times year', '1.0', 'ma', '326eb58b-e5b3-4cea-b45a-2398c25109f8'),('fa44e424-f37b-419d-8475-723429d63c08', 'oz av', 'Ounce (avoirdupois); commonly used, but NOT for gold, platinum etc. (see "Ounce (troy)")', '0.02', NULL, '93a60a57-a4c8-11da-a746-0800200c9a66'),('fad23f5c-f841-4369-ba17-2dd297b5fadf', 'm3*nmi', 'Cubic metre times nautical mile', '1.85', NULL, 'ff8ed45d-bbfb-4531-8c7b-9b95e52bd41d'),('fb4258af-95b2-4359-af03-9687178df527', 'HUF', 'Hungarian forint', '0.0038', NULL, 'da299c4d-1741-4da8-9fbd-5ccfb5e1d688'),('fc3604f7-aa93-4aa3-8ae9-8f822874da5f', 'Wh', 'Watt times hour', '0.0036', NULL, '93a60a57-a3c8-11da-a746-0800200c9a66'),('fd100082-4cdf-4932-9282-6bb7d7091bd4', 'CZK', 'Czech coruna', '0.02', NULL, 'da299c4d-1741-4da8-9fbd-5ccfb5e1d688'),('fe8da65d-f0ea-4496-b13e-1955aaa412d7', 'p*km', 'Person kilometer', '1.0', 'pkm', '11d161f0-37e3-4d49-bf7a-ff4f31a9e5c7');
INSERT INTO tbl_unitgroups(id, name, description, categoryid, f_defaultflowproperty, f_referenceunit) VALUES('11d161f0-37e3-4d49-bf7a-ff4f31a9e5c7', 'Units of person transport', NULL, 'e38f841d-bc83-49a3-ab86-2783de8cebfb', '8766e10f-9f41-4db0-8173-ad0d002a5b98', 'fe8da65d-f0ea-4496-b13e-1955aaa412d7'),('258d6abd-14f2-4484-956c-c88e8f6fd8ed', 'Units of energy/mass*time', NULL, 'e38f841d-bc83-49a3-ab86-2783de8cebfb', 'c6984745-192d-416f-9728-d6169ba6267f', '94dcd768-ea3e-47da-ba1b-11fea4b5f4cc'),('326eb58b-e5b3-4cea-b45a-2398c25109f8', 'Units of length*time', NULL, 'e38f841d-bc83-49a3-ab86-2783de8cebfb', 'b7ffb330-95a8-4815-a78c-47fcdee3b768', 'f7fe0af2-e764-4984-bb9f-2cbff6cd2f18'),('36932b14-ba61-417b-a80c-eb9935d193f1', 'Units of length*area', NULL, 'e38f841d-bc83-49a3-ab86-2783de8cebfb', '45915a2c-6ee8-45bd-8a46-070a7261558e', '0dc79b8e-47a1-4ec7-96b1-c9b9da2769fa'),('3dbb60e1-edde-49f7-b28d-f34b4af727b3', 'Units of mole*area/mass', NULL, 'e38f841d-bc83-49a3-ab86-2783de8cebfb', 'ac95ed26-5038-4862-8b82-94f1412875cd', '691ae73c-3fc1-4157-85d0-2659bdc2380a'),('5454b231-270e-45e6-89b2-7f4f3e482245', 'Units of items*length', NULL, 'e38f841d-bc83-49a3-ab86-2783de8cebfb', '0ddc622a-bc4a-4cf8-a551-9e112864b77f', '2abb86b6-e71b-4de5-a766-a20e80e59b6d'),('59f191d6-5dd3-4553-af88-1a32accfe308', 'Units of mass*time', NULL, 'e38f841d-bc83-49a3-ab86-2783de8cebfb', '4e10f566-0358-489a-8e3a-d687b66c50e6', 'b2ad404c-3e4f-4a7a-a604-46fb36654823'),('59f6a0a2-731f-41c3-86df-d383dc673dfe', 'Units of mechanical filtration (occ.)', NULL, 'e38f841d-bc83-49a3-ab86-2783de8cebfb', 'e0d963f9-d6a4-42a5-90e9-fff8452aa2af', '2f1b55fb-a432-447a-a0f5-9b02bf649724'),('5beb6eed-33a9-47b8-9ede-1dfe8f679159', 'Units of items', NULL, 'e38f841d-bc83-49a3-ab86-2783de8cebfb', '01846770-4cfe-4a25-8ad9-919d8d378345', '6dabe201-aaac-4509-92f0-d00c26cb72ab'),('838aaa21-0117-11db-92e3-0800200c9a66', 'Units of mass*length', NULL, 'e38f841d-bc83-49a3-ab86-2783de8cebfb', '838aaa20-0117-11db-92e3-0800200c9a66', '0dea4ed8-bb6b-4049-b2b4-b2c413ef2180'),('838aaa22-0117-11db-92e3-0800200c9a66', 'Units of length', NULL, 'e38f841d-bc83-49a3-ab86-2783de8cebfb', '838aaa23-0117-11db-92e3-0800200c9a66', '3d314eab-ef11-4ff3-a35e-9bc5cd858694'),('876adcd3-29e6-44e2-acdd-11be304ae654', 'Units of energy/area*time', NULL, 'e38f841d-bc83-49a3-ab86-2783de8cebfb', 'e2f7001e-a331-4fc7-8052-c0b9bcf6a05f', 'aff60d84-007c-4f30-bfda-3853760f6954'),('93a60a57-a3c8-11da-a746-0800200c9a66', 'Units of energy', NULL, 'e38f841d-bc83-49a3-ab86-2783de8cebfb', 'f6811440-ee37-11de-8a39-0800200c9a66', '52765a6c-3896-43c2-b2f4-c679acf13efe'),('93a60a57-a3c8-12da-a746-0800200c9a66', 'Units of volume', NULL, 'e38f841d-bc83-49a3-ab86-2783de8cebfb', '93a60a56-a3c8-22da-a746-0800200c9a66', '1c3a9695-398d-4b1f-b07e-a8715b610f70'),('93a60a57-a3c8-16da-a746-0800200c9a66', 'Units of radioactivity', NULL, 'e38f841d-bc83-49a3-ab86-2783de8cebfb', '93a60a56-a3c8-17da-a746-0800200c9a66', 'e9773595-284e-46dd-9671-5fc9ff406833'),('93a60a57-a3c8-18da-a746-0800200c9a66', 'Units of area', NULL, 'e38f841d-bc83-49a3-ab86-2783de8cebfb', '93a60a56-a3c8-19da-a746-0800200c9a66', '3ce61faa-5716-41c1-aef6-b5920054acc9'),('93a60a57-a3c8-20da-a746-0800200c9a66', 'Units of area*time', NULL, 'e38f841d-bc83-49a3-ab86-2783de8cebfb', '93a60a56-a3c8-21da-a746-0800200c9a66', 'c7266b67-4ea2-457f-b391-9b94e26e195a'),('93a60a57-a3c8-23da-a746-0800200c9a66', 'Units of volume*time', NULL, 'e38f841d-bc83-49a3-ab86-2783de8cebfb', '441238a3-ba09-46ec-b35b-c30cfba746d1', 'ee5f2241-18af-4444-b457-b275660e5a20'),('93a60a57-a4c8-11da-a746-0800200c9a66', 'Units of mass', NULL, 'e38f841d-bc83-49a3-ab86-2783de8cebfb', '93a60a56-a3c8-11da-a746-0800200b9a66', '20aadc24-a391-41cf-b340-3e4529f44bde'),('9e5a91be-b3d1-4268-8e7d-e5e93f6a75d4', 'Units of groundwater replenishment (transf.)', NULL, 'e38f841d-bc83-49a3-ab86-2783de8cebfb', '58ea2de8-1f31-4248-9b03-18ec5d8db13b', '95e8feec-abc7-4eb0-bf39-2a6d411cba8d'),('a6941776-ee4b-40fe-9a05-e19faac45240', 'Units of mole*area*time/mass', NULL, 'e38f841d-bc83-49a3-ab86-2783de8cebfb', '8a9107c2-62a2-4997-95b0-6944c80b774e', '2e16ca4a-9f65-472f-b4cb-274050aaf328'),('af16ae7e-3e04-408a-b8ae-5b3666dbe7f9', 'Units of vehicle transport', NULL, 'e38f841d-bc83-49a3-ab86-2783de8cebfb', 'ecbe0a5d-f397-4b74-993d-32d231e4bcf9', '19a89180-e40c-4f6b-bcd3-d7347566d1e7'),('af638906-3ec7-4314-8de7-f76039f2dd01', 'Units of time', NULL, 'e38f841d-bc83-49a3-ab86-2783de8cebfb', 'c0447923-0e60-4b3c-97c2-a86dddd9eea5', '11074cfd-08a4-449b-adad-18ce24a1b275'),('c28831de-8759-43da-98bd-05617cb1722d', 'Units of mass/time', NULL, 'e38f841d-bc83-49a3-ab86-2783de8cebfb', 'fd9a098b-253e-4f1e-986d-76a775c51722', '94b84332-8f2d-4592-b2a0-e19da33a69e9'),('da299c4d-1741-4da8-9fbd-5ccfb5e1d688', 'Units of currency 2000', NULL, '3beedca8-84be-4deb-97b4-d578f75ddee1', 'fdfecf14-ff8a-4e17-b2b2-f938c4b5cc27', 'a55b7fe7-fa09-47ef-be62-e07b8e6f4351'),('f2275057-f8be-4db9-bb78-5dfc276967a0', 'Units of length*area/time', NULL, 'e38f841d-bc83-49a3-ab86-2783de8cebfb', '05e42ba1-dbcd-4dc2-b735-a2f17dd211ae', 'aa14a795-2239-496a-81b0-ad7cb8bbe0d2'),('ff8ed45d-bbfb-4531-8c7b-9b95e52bd41d', 'Units of volume*length', NULL, 'e38f841d-bc83-49a3-ab86-2783de8cebfb', '64771383-534c-4051-84ca-e195564d5425', '5042a5e9-b8fd-40ca-b13e-cb9f1ce0357a');
INSERT INTO tbl_flowproperties(id, name, description, categoryid, unitgroupid, flowpropertytype) VALUES('01846770-4cfe-4a25-8ad9-919d8d378345', 'Number of items', NULL, '86863950-d175-4400-8cc2-c40511322f94', '5beb6eed-33a9-47b8-9ede-1dfe8f679159', '1'),('05e42ba1-dbcd-4dc2-b735-a2f17dd211ae', 'Mechanical Filtration (Transf.)', NULL, '86863950-d175-4400-8cc2-c40511322f94', 'f2275057-f8be-4db9-bb78-5dfc276967a0', '1'),('0ddc622a-bc4a-4cf8-a551-9e112864b77f', 'Items*Length', NULL, '86863950-d175-4400-8cc2-c40511322f94', '5454b231-270e-45e6-89b2-7f4f3e482245', '1'),('27f62f94-3fe1-4df5-9693-9112b832decb', 'Erosion Resistance (Transf.)', NULL, '86863950-d175-4400-8cc2-c40511322f94', 'c28831de-8759-43da-98bd-05617cb1722d', '1'),('2d9d802c-002d-4018-a702-d2d46e78625a', 'Biotic Production (Occ.)', NULL, '86863950-d175-4400-8cc2-c40511322f94', '93a60a57-a4c8-11da-a746-0800200c9a66', '1'),('441238a3-ba09-46ec-b35b-c30cfba746d1', 'Volume*time', NULL, '86863950-d175-4400-8cc2-c40511322f94', '93a60a57-a3c8-23da-a746-0800200c9a66', '1'),('45915a2c-6ee8-45bd-8a46-070a7261558e', 'Groundwater Replenishment (Occ.)', NULL, '86863950-d175-4400-8cc2-c40511322f94', '36932b14-ba61-417b-a80c-eb9935d193f1', '1'),('4e10f566-0358-489a-8e3a-d687b66c50e6', 'Mass*time', NULL, '86863950-d175-4400-8cc2-c40511322f94', '59f191d6-5dd3-4553-af88-1a32accfe308', '1'),('58ea2de8-1f31-4248-9b03-18ec5d8db13b', 'Groundwater Replenishment (Transf.)', NULL, '86863950-d175-4400-8cc2-c40511322f94', '9e5a91be-b3d1-4268-8e7d-e5e93f6a75d4', '1'),('64771383-534c-4051-84ca-e195564d5425', 'Volume*Length', NULL, '86863950-d175-4400-8cc2-c40511322f94', 'ff8ed45d-bbfb-4531-8c7b-9b95e52bd41d', '1'),('838aaa20-0117-11db-92e3-0800200c9a66', 'Goods transport (mass*distance)', NULL, '86863950-d175-4400-8cc2-c40511322f94', '838aaa21-0117-11db-92e3-0800200c9a66', '1'),('838aaa23-0117-11db-92e3-0800200c9a66', 'Length', NULL, '86863950-d175-4400-8cc2-c40511322f94', '838aaa22-0117-11db-92e3-0800200c9a66', '1'),('8766e10f-9f41-4db0-8173-ad0d002a5b98', 'Person transport', NULL, '86863950-d175-4400-8cc2-c40511322f94', '11d161f0-37e3-4d49-bf7a-ff4f31a9e5c7', '1'),('8a9107c2-62a2-4997-95b0-6944c80b774e', 'Physicochemical Filtration (Occ.)', NULL, '86863950-d175-4400-8cc2-c40511322f94', 'a6941776-ee4b-40fe-9a05-e19faac45240', '1'),('93a60a56-a3c8-11da-a746-0800200b9a66', 'Mass', NULL, '86863950-d175-4400-8cc2-c40511322f94', '93a60a57-a4c8-11da-a746-0800200c9a66', '1'),('93a60a56-a3c8-11da-a746-0800200c9a66', 'Net calorific value', NULL, '86863950-d175-4400-8cc2-c40511322f94', '93a60a57-a3c8-11da-a746-0800200c9a66', '1'),('93a60a56-a3c8-13da-a746-0800200c9a66', 'Normal Volume', NULL, '86863950-d175-4400-8cc2-c40511322f94', '93a60a57-a3c8-12da-a746-0800200c9a66', '1'),('93a60a56-a3c8-14da-a746-0800200c9a66', 'Gross calorific value', NULL, '86863950-d175-4400-8cc2-c40511322f94', '93a60a57-a3c8-11da-a746-0800200c9a66', '1'),('93a60a56-a3c8-17da-a746-0800200c9a66', 'Radioactivity', NULL, '86863950-d175-4400-8cc2-c40511322f94', '93a60a57-a3c8-16da-a746-0800200c9a66', '1'),('93a60a56-a3c8-19da-a746-0800200c9a66', 'Area', NULL, '86863950-d175-4400-8cc2-c40511322f94', '93a60a57-a3c8-18da-a746-0800200c9a66', '1'),('93a60a56-a3c8-21da-a746-0800200c9a66', 'Area*time', NULL, '86863950-d175-4400-8cc2-c40511322f94', '93a60a57-a3c8-20da-a746-0800200c9a66', '1'),('93a60a56-a3c8-22da-a746-0800200c9a66', 'Volume', NULL, '86863950-d175-4400-8cc2-c40511322f94', '93a60a57-a3c8-12da-a746-0800200c9a66', '1'),('a819760a-7651-4579-a786-842f7575df60', 'Erosion Resistance (Occ.)', NULL, '86863950-d175-4400-8cc2-c40511322f94', '93a60a57-a4c8-11da-a746-0800200c9a66', '1'),('ac95ed26-5038-4862-8b82-94f1412875cd', 'Physicochemical Filtration (Transf.)', NULL, '86863950-d175-4400-8cc2-c40511322f94', '3dbb60e1-edde-49f7-b28d-f34b4af727b3', '1'),('b7ffb330-95a8-4815-a78c-47fcdee3b768', 'Length*time', NULL, '86863950-d175-4400-8cc2-c40511322f94', '326eb58b-e5b3-4cea-b45a-2398c25109f8', '1'),('c0447923-0e60-4b3c-97c2-a86dddd9eea5', 'Duration', NULL, '86863950-d175-4400-8cc2-c40511322f94', 'af638906-3ec7-4314-8de7-f76039f2dd01', '1'),('c6984745-192d-416f-9728-d6169ba6267f', 'Energy/mass*time', NULL, '86863950-d175-4400-8cc2-c40511322f94', '258d6abd-14f2-4484-956c-c88e8f6fd8ed', '1'),('e0d963f9-d6a4-42a5-90e9-fff8452aa2af', 'Mechanical Filtration (Occ.)', NULL, '86863950-d175-4400-8cc2-c40511322f94', '59f6a0a2-731f-41c3-86df-d383dc673dfe', '1'),('e2f7001e-a331-4fc7-8052-c0b9bcf6a05f', 'Energy/area*time', NULL, '86863950-d175-4400-8cc2-c40511322f94', '876adcd3-29e6-44e2-acdd-11be304ae654', '1'),('ecbe0a5d-f397-4b74-993d-32d231e4bcf9', 'Vehicle transport', NULL, '86863950-d175-4400-8cc2-c40511322f94', 'af16ae7e-3e04-408a-b8ae-5b3666dbe7f9', '1'),('f6811440-ee37-11de-8a39-0800200c9a66', 'Energy', NULL, '86863950-d175-4400-8cc2-c40511322f94', '93a60a57-a3c8-11da-a746-0800200c9a66', '1'),('fd9a098b-253e-4f1e-986d-76a775c51722', 'Biotic Production (Transf.)', NULL, '86863950-d175-4400-8cc2-c40511322f94', 'c28831de-8759-43da-98bd-05617cb1722d', '1'),('fdfecf14-ff8a-4e17-b2b2-f938c4b5cc27', 'Market value US 2000, bulk prices', NULL, '6cd7ba3c-4a99-4504-b7a7-2064602d33c5', 'da299c4d-1741-4da8-9fbd-5ccfb5e1d688', '0');
